Timestamp,Source_IP,Country,Event_ID,Username,Target_System,Attempt_Count
2025-04-01 08:15:23,43.156.12.199,China,4625,Administrator,Windows-Server-01,1
2025-04-01 08:15:45,43.156.12.199,China,4625,admin,Windows-Server-01,2
2025-04-01 08:16:12,103.78.242.110,Vietnam,4625,root,Windows-Server-01,3
2025-04-01 08:16:34,192.185.218.167,USA,4625,Administrator,Windows-Server-01,4
2025-04-01 08:17:01,185.130.105.23,Russia,4625,admin,Windows-Server-01,5
2025-04-01 08:17:23,43.156.12.199,China,4625,test,Windows-Server-01,6
2025-04-01 08:17:45,103.78.242.110,Vietnam,4625,guest,Windows-Server-01,7
2025-04-01 08:18:12,192.185.218.167,USA,4625,Administrator,Windows-Server-01,8
2025-04-01 08:18:34,185.130.105.23,Russia,4625,admin,Windows-Server-01,9
2025-04-01 08:19:01,43.156.12.199,China,4625,root,Windows-Server-01,10
